<?xml version="1.0" encoding="UTF-8" ?>
<!DOCTYPE mapper PUBLIC "-//mybatis.org//DTD Mapper 3.0//EN" 
	"http://mybatis.org/dtd/mybatis-3-mapper.dtd">

<mapper namespace="com.ssafy.vue.mapper.MemberMapper">

	<select id="login" parameterType="memberDto" resultType="memberDto">
		select username, userid, email
		from ssafy_member
		where userid = #{userid} and userpwd = #{userpwd}
	</select>
	
	<select id="userInfo" parameterType="String" resultType="memberDto">
		select username, userid, email, joindate, userpwd
		from ssafy_member
		where userid = #{userid}
	</select>
	
	<insert id="registMember" parameterType="memberDto">
		insert into ssafy_member 
		values(#{userid},#{username},#{userpwd},#{email} ,now() )
	</insert>
	
	<select id="getById" parameterType="String" resultType="memberDto">
		select username, userpwd, userid, email, joindate
		from ssafy_member
		where userid = #{userid}
	</select>
	
	<update id="modifyMember" parameterType="memberDto">
		update ssafy_member
		   set username = #{username},
		   	   userpwd = #{userpwd},
		   	   email = #{email}
		 where userid = #{userid}		 
	</update>
	
	<delete id="deleteMember" parameterType="String">
		delete 
		from ssafy_member 
		where userid = #{userid}
	</delete>
	
	
	
</mapper>