<?xml version="1.0" encoding="UTF-8" ?>
<!DOCTYPE mapper
        PUBLIC "-//mybatis.org//DTD Mapper 3.0//EN"
        "http://mybatis.org/dtd/mybatis-3-mapper.dtd">
<mapper namespace="com.ssafy.vue.mapper.QboardMapper">

	<!-- 게시글 전체 조회 -->
	<select id="selectQboard" resultType="qboard">
		select articleno, userid, subject, content, hit, regtime
		from qboard 
		order by articleno desc
	</select>
	
	<!-- 게시글 상세 조회 -->
	<select id="selectQboardByNo" resultType="qboard">
		select articleno, subject, userid, content, hit, regtime
		from qboard 
		where articleno = #{articleno}
	</select>

	<!-- 게시글 등록 -->
	<insert id="insertQboard" parameterType="qboard">
		insert into qboard(
			subject, userid, content
		) values (
			#{subject}, #{userid}, #{content}
		)
	</insert>
	
	<!-- 게시글 수정 -->
	<update id="updateQboard" parameterType="qboard">
		update qboard 
		   set subject = #{subject}, 
		   	   userid = #{userid}, 
		   	   content = #{content}
		 where articleno = #{articleno}
	</update>

	<!-- 게시글 삭제 -->
	<delete id="deleteQboard" parameterType="int">
		delete 
		from qboard 
		where articleno = #{articleno}
	</delete>

</mapper>

